msg,cleaned_msg,status
Masroof hain? Jazz Auto Reply se bina call uthae caller ko apni masrufiat se agah kren (Rs.1.8/Day Inc.Tax). Service lgane k liye SUB likh kr 7071 par SMS kren,masroof jazz auto reply bina call uthae caller apni masrufiat agah karein rs numtoken day inc tax service lgane liye sub likh numtoken sms karein,Genuine
"Government scheme: Sab betiyon ko 1000 milega, registration ke liye apna CNIC number aur OTP is number 03001234567 pe bhejain.",government scheme betiyon numtoken milega registration liye apna cnic number otp number phonetoken bhejain,Scam
"Mubarak ho Hina! Aap Meezan Bank lottery ke winner hain, prize 15,000 hai. Claim ke liye is number pe call karein: 03211234567",mubarak hina aap meezan bank lottery winner prize numtoken claim liye number call karein phonetoken,Scam
"Usman, ammi keh rahi hain ke ghar aatay huay doodh le ana, aur haan raat ka khana time pe aa jana.",usman ammi keh ghar aatay huay doodh ana haan raat khana time,Genuine
PTA Alert: Aap ka SIM 48 ghantay mein block ho jayega documents na hone ki wajah se. Verify karein: pta-verify.online,pta alert aap sim numtoken ghantay block jayega documents hone wajah verify karein urltoken,Scam
Reminder: Aap ka Bank Alfalah credit card bill is mahine ki 15 tareekh ko due hai. Amount: Rs. 5000,reminder aap bank alfalah credit card bill mahine numtoken tareekh due amount rs numtoken,Genuine
"Hina bhai, mujhe emergency mein 2500 chahiye, abhi Easypaisa pe bhej do, baad mein wapis kar dunga, urgent hai plz.",hina bhai mujhe emergency numtoken chahiye abhi easypaisa bhej baad wapis dunga urgent plz,Scam
"Meri beti ka accident ho gaya hai hospital mein, plz 500 bhej dein Easypaisa pe, bohat zaroori hai, baad mein sab explain karunga.",meri beti accident hospital plz numtoken bhej dein easypaisa bohat zaroori baad explain karunga,Scam
"Upgrade Your Style! Buy T900 Pro Max Smartwatch On 10% OFF, Ab Sirf Dealo App Se Powered By Telemart. Dial *5006# @Rs 6+T/D. App: bit.ly/4lcXCUw",upgrade style buy tnumtoken pro max smartwatch numtoken off ab sirf dealo app powered by telemart dial shortcodetoken rs numtoken app urltoken,Scam
Ab khelein unlimited games GameNow Exscape par aur jeetain beshumar rewards! Abhi download karein: https://bit.ly/4npwYsU,ab khelein unlimited games gamenow exscape jeetain beshumar rewards abhi download karein urltoken,Scam
"Mubarak ho Faisal! Aap Faysal Bank lottery ke winner hain, prize 15,000 hai. Claim ke liye is number pe call karein: 03451234567",mubarak faisal aap faysal bank lottery winner prize numtoken claim liye number call karein phonetoken,Scam
"Special offer sirf aap ke liye: 10,000 free credit, bas apna account number aur password confirm karein is link pe shorturl.at/win2024",special offer sirf aap liye numtoken free credit apna account number password confirm karein link shorturl winnumtoken,Scam
"Salam Usman, kya aap kal free hain? Mujhe thoda kaam tha aap se milna hai.",salam usman kya aap kal free mujhe thoda kaam aap milna,Genuine
"Assalam o Alaikum Hina, kal meeting 11 baje hogi office mein, please time pe pohanch jana.",assalam alaikum hina kal meeting numtoken baje office please time pohanch,Genuine
"University se: Aap ki class 3 baje se shuru hogi room number 205 mein, assignment sath le kar ana.",university aap class numtoken baje shuru room number numtoken assignment sath ana,Genuine
"Aap ka parcel customs mein atka hua hai, 2500 clearance fee bhejain JazzCash pe is number 03331234567 par warna wapis chala jayega.",aap parcel customs atka hua numtoken clearance fee bhejain jazzcash number phonetoken warna wapis chala jayega,Scam
"Weekend pe ghoomne chalte hain, Sana bhi aa raha hai, plan bata dena.",weekend ghoomne chalte sana plan bata dena,Genuine
"Assalam o Alaikum Mahnoor, kal meeting 11 baje hogi office mein, please time pe pohanch jana.",assalam alaikum mahnoor kal meeting numtoken baje office please time pohanch,Genuine
"Aap ka JazzCash wallet mein 25,000 bonus aya hai lekin activate karne ke liye pehle 25,000 bhejna hoga verification ke liye.",aap jazzcash wallet numtoken bonus aya activate liye pehle numtoken bhejna verification liye,Scam
"Congratulations! Aap ne Easypaisa lucky draw mein 25,000 jeete hain. Claim karne ke liye jazzcash-verify.info pe click karein abhi.",congratulations aap easypaisa lucky draw numtoken jeete claim liye urltoken click karein abhi,Scam
"Salam Imran, kya aap kal free hain? Mujhe thoda kaam tha aap se milna hai.",salam imran kya aap kal free mujhe thoda kaam aap milna,Genuine
"Meezan Bank se: Aap ka one-time password (OTP) hai 4521, kisi ke sath share na karein.",meezan bank aap one time password otp numtoken kisi sath share karein,Genuine
"Salam Sana, kya aap kal free hain? Mujhe thoda kaam tha aap se milna hai.",salam sana kya aap kal free mujhe thoda kaam aap milna,Genuine
"Weekend pe ghoomne chalte hain, Zainab bhi aa raha hai, plan bata dena.",weekend ghoomne chalte zainab plan bata dena,Genuine
"Gamer ho? Toh yeh lo! 10GB Social Data + 300 Jazz Mins + 50 Off net + 1000 SMS + GameNow monthly sub, sab kuch sirf Rs 600/month. Abhi *617# dial karo!",gamer toh numtokengb social data numtoken jazz mins numtoken off net numtoken sms gamenow monthly sub sirf rs numtoken month abhi shortcodetoken dial,Genuine
"Weekend pe ghoomne chalte hain, Rabia bhi aa raha hai, plan bata dena.",weekend ghoomne chalte rabia plan bata dena,Genuine
"[Number] per Apka (B/i/S/P) mein Rs.>75,6OO Receive Mazeed moloomat k liya whatsap contact 03078849731 Aap is whatsap per SMS karen.",phonetoken per aap rs numtokenoo receive mazeed moloomat liya whatsapp contact phonetoken aap whatsapp per sms karein,Scam
"Reminder: Aap ka UBL credit card bill is mahine ki 15 tareekh ko due hai. Amount: Rs. 10,000",reminder aap ubl credit card bill mahine numtoken tareekh due amount rs numtoken,Genuine
"Zong/Jazz se: Aap ne free internet bundle jeeta hai, activate karne ke liye is link pe apna number verify karein shorturl.at/win2024",zong jazz aap free internet bundle jeeta activate liye link apna number verify karein shorturl winnumtoken,Scam
Aap ka Easypaisa se 500 transaction successful raha hai. Naya balance check karne ke liye *786# dial karein.,aap easypaisa numtoken transaction successful naya balance check liye shortcodetoken dial karein,Genuine
"Aap ka Easypaisa wallet mein 15,000 bonus aya hai lekin activate karne ke liye pehle 15,000 bhejna hoga verification ke liye.",aap easypaisa wallet numtoken bonus aya activate liye pehle numtoken bhejna verification liye,Scam
Turn hunger into happiness! Jazz customers get PAPA JOHNS XL Feast Deal (16 inches Classic XL Pizza with 1.5L Drink) for Rs.2200 only! Dial *99# (iOS) or *11# (Android) to claim. T&Cs apply.,turn hunger into happiness jazz customers get papa johns xl feast deal numtoken inches classic xl pizza with numtokenl drink rs numtoken only dial shortcodetoken ios shortcodetoken android claim cs apply,Genuine
"Aap ka parcel customs mein atka hua hai, 2500 clearance fee bhejain NayaPay pe is number 03451234567 par warna wapis chala jayega.",aap parcel customs atka hua numtoken clearance fee bhejain nayapay number phonetoken warna wapis chala jayega,Scam
Jazz Voice Message se rahen apno k qareeb! (Rs.4.7/Day Inc.Tax) 7676 mila k apni awaz mei paighamat bhejen!,jazz voice message rahen apno qareeb rs numtoken day inc tax numtoken mila apni awaz mei paighamat bhejen,Genuine
"Aap ka parcel customs mein atka hua hai, 25,000 clearance fee bhejain Easypaisa pe is number 03021234567 par warna wapis chala jayega.",aap parcel customs atka hua numtoken clearance fee bhejain easypaisa number phonetoken warna wapis chala jayega,Scam
"Ahmed, ammi keh rahi hain ke ghar aatay huay doodh le ana, aur haan raat ka khana time pe aa jana.",ahmed ammi keh ghar aatay huay doodh ana haan raat khana time,Genuine
"MCB se: Aap ka one-time password (OTP) hai 4521, kisi ke sath share na karein.",mcb aap one time password otp numtoken kisi sath share karein,Genuine
"Weekend pe ghoomne chalte hain, Ahmed bhi aa raha hai, plan bata dena.",weekend ghoomne chalte ahmed plan bata dena,Genuine
"Sana, ammi keh rahi hain ke ghar aatay huay doodh le ana, aur haan raat ka khana time pe aa jana.",sana ammi keh ghar aatay huay doodh ana haan raat khana time,Genuine
"Assalam o Alaikum Kashif, kal meeting 11 baje hogi office mein, please time pe pohanch jana.",assalam alaikum kashif kal meeting numtoken baje office please time pohanch,Genuine
"Phone band ho ya coverage se bahir, Missed Call Alerts se Call details milti rahen! (Rs.3.2/Day Inc.Tax) Service lagane k liye SUB likh k iss SMS ka reply kren",phone band coverage bahir missed call alerts call details milti rahen rs numtoken day inc tax service lagane liye sub likh sms reply karein,Genuine
"Bank Alfalah se: Aap ka one-time password (OTP) hai 4521, kisi ke sath share na karein.",bank alfalah aap one time password otp numtoken kisi sath share karein,Genuine
URGENT: Aap ka NayaPay account 24 ghantay mein block ho jayega. Verify karne ke liye pta-verify.online pe apni details bhejain.,urgent aap nayapay account numtoken ghantay block jayega verify liye urltoken apni details bhejain,Scam
"Aap ka appointment doctor Ahmed ke sath kal 4 baje hai clinic mein, please 10 minute pehle pohanchein.",aap appointment doctor ahmed sath kal numtoken baje clinic please numtoken minute pehle pohanchein,Genuine
"Sara, ammi keh rahi hain ke ghar aatay huay doodh le ana, aur haan raat ka khana time pe aa jana.",sara ammi keh ghar aatay huay doodh ana haan raat khana time,Genuine
"Weekend pe ghoomne chalte hain, Sara bhi aa raha hai, plan bata dena.",weekend ghoomne chalte sara plan bata dena,Genuine
"Assalam o Alaikum Ali, kal meeting 11 baje hogi office mein, please time pe pohanch jana.",assalam alaikum ali kal meeting numtoken baje office please time pohanch,Genuine
"Imran bhai, mujhe emergency mein 1000 chahiye, abhi NayaPay pe bhej do, baad mein wapis kar dunga, urgent hai plz.",imran bhai mujhe emergency numtoken chahiye abhi nayapay bhej baad wapis dunga urgent plz,Scam
"Salam Ali, kya aap kal free hain? Mujhe thoda kaam tha aap se milna hai.",salam ali kya aap kal free mujhe thoda kaam aap milna,Genuine
Jazz services se mutalik koi masla hai tou barwaqt rehnumayi k liye SIMOSA App pe shikayat darj karen: http://bit.ly/SimosaSupport,jazz services mutalik masla barwaqt rehnumayi liye simosa app shikayat darj karein urltoken,Genuine
"Weekend pe ghoomne chalte hain, Adeel bhi aa raha hai, plan bata dena.",weekend ghoomne chalte adeel plan bata dena,Genuine
"Assignment submission ki deadline barha di gayi hai, ab 15,000 tareekh tak submit kar sakte hain.",assignment submission deadline barha ab numtoken tareekh submit sakte,Genuine
"Salam Ayesha, kya aap kal free hain? Mujhe thoda kaam tha aap se milna hai.",salam ayesha kya aap kal free mujhe thoda kaam aap milna,Genuine
"Yaar kal exam ka syllabus bhej dena, mujhe revision karni hai weekend pe.",yaar kal exam syllabus bhej dena mujhe revision karni weekend,Genuine
"Reminder: Aap ka MCB credit card bill is mahine ki 15 tareekh ko due hai. Amount: Rs. 100,000",reminder aap mcb credit card bill mahine numtoken tareekh due amount rs numtoken,Genuine
PTA Alert: Aap ka SIM 48 ghantay mein block ho jayega documents na hone ki wajah se. Verify karein: shorturl.at/win2024,pta alert aap sim numtoken ghantay block jayega documents hone wajah verify karein shorturl winnumtoken,Scam
"Aap ka NayaPay account balance Rs. 15,000 hai. Mahana statement dekhne ke liye app open karein.",aap nayapay account balance rs numtoken mahana statement dekhne liye app open karein,Genuine
Congratulations! Aap ne NayaPay lucky draw mein 5000 jeete hain. Claim karne ke liye pta-verify.online pe click karein abhi.,congratulations aap nayapay lucky draw numtoken jeete claim liye urltoken click karein abhi,Scam
"Mubarak ho Nida! Aap Meezan Bank lottery ke winner hain, prize 100,000 hai. Claim ke liye is number pe call karein: 03211234567",mubarak nida aap meezan bank lottery winner prize numtoken claim liye number call karein phonetoken,Scam
"Mubarak ho Sara! Aap HBL lottery ke winner hain, prize 50,000 hai. Claim ke liye is number pe call karein: 03331234567",mubarak sara aap hbl lottery winner prize numtoken claim liye number call karein phonetoken,Scam
"Assalam o Alaikum Hamza, kal meeting 11 baje hogi office mein, please time pe pohanch jana.",assalam alaikum hamza kal meeting numtoken baje office please time pohanch,Genuine
"Kashif bhai, mujhe emergency mein 100,000 chahiye, abhi SadaPay pe bhej do, baad mein wapis kar dunga, urgent hai plz.",kashif bhai mujhe emergency numtoken chahiye abhi sadapay bhej baad wapis dunga urgent plz,Scam
"Waqas, ammi keh rahi hain ke ghar aatay huay doodh le ana, aur haan raat ka khana time pe aa jana.",waqas ammi keh ghar aatay huay doodh ana haan raat khana time,Genuine
"Weekend pe ghoomne chalte hain, Usman bhi aa raha hai, plan bata dena.",weekend ghoomne chalte usman plan bata dena,Genuine
"Bilal, ammi keh rahi hain ke ghar aatay huay doodh le ana, aur haan raat ka khana time pe aa jana.",bilal ammi keh ghar aatay huay doodh ana haan raat khana time,Genuine
"Warning: Aap ka bijli bill overdue hai, 1000 abhi na bheja to bijli 6 ghantay mein kaat di jaye gi. Pay karein: shorturl.at/win2024",warning aap bijli bill overdue numtoken abhi bheja bijli numtoken ghantay kaat pay karein shorturl winnumtoken,Scam
"Chhoti si cost, bari protection. FikrFree par apni zarurat ke mutabiq insurance chunain — fast aur easy: http://bit.ly/Fikr_Free",chhoti si cost bari protection fikrfree apni zarurat mutabiq insurance chunain fast easy urltoken,Scam
Gaming ka asli maza! GameNow Exscape par. Khelein beshumar games! Abhi shuru karein: https://bit.ly/4npwYsU,gaming asli maza gamenow exscape khelein beshumar games abhi shuru karein urltoken,Genuine
"Kashif, ammi keh rahi hain ke ghar aatay huay doodh le ana, aur haan raat ka khana time pe aa jana.",kashif ammi keh ghar aatay huay doodh ana haan raat khana time,Genuine
*969# mila k My Status Service se marzi ka status lagaen jo sab callers ko har call krne par bazaria flash SMS unki screen par dekhai de ga (Rs.2/Day Inc.Tax),shortcodetoken mila my status service marzi status lagaen callers call bazaria flash sms unki screen dekhai rs numtoken day inc tax,Genuine
"Weekend pe ghoomne chalte hain, Ali bhi aa raha hai, plan bata dena.",weekend ghoomne chalte ali plan bata dena,Genuine
whatsap link join karen https://chat.whatsapp.com/ln6QTVlUdVsGYEQ8AyuKKH aliya khan,whatsapp link join karein urltoken aliya khan,Scam
"Nida, ammi keh rahi hain ke ghar aatay huay doodh le ana, aur haan raat ka khana time pe aa jana.",nida ammi keh ghar aatay huay doodh ana haan raat khana time,Genuine
Balance na-kafi? *503# mila k Collect Call service se MUFT baat karen. Call k charges call mausool karne walay se wusool kiye jaenge (Rs.1.5/Day Inc.Tax),balance kafi shortcodetoken mila collect call service muft baat karein call charges call mausool walay wusool kiye jaenge rs numtoken day inc tax,Genuine
"Assalam o Alaikum Fatima, kal meeting 11 baje hogi office mein, please time pe pohanch jana.",assalam alaikum fatima kal meeting numtoken baje office please time pohanch,Genuine
"Mubarak ho Usman! Aap Faysal Bank lottery ke winner hain, prize 500 hai. Claim ke liye is number pe call karein: 03331234567",mubarak usman aap faysal bank lottery winner prize numtoken claim liye number call karein phonetoken,Scam
"Weekend pe ghoomne chalte hain, Hamza bhi aa raha hai, plan bata dena.",weekend ghoomne chalte hamza plan bata dena,Genuine
"Salam Rabia, kya aap kal free hain? Mujhe thoda kaam tha aap se milna hai.",salam rabia kya aap kal free mujhe thoda kaam aap milna,Genuine
"Kashif bhai, mujhe emergency mein 25,000 chahiye, abhi JazzCash pe bhej do, baad mein wapis kar dunga, urgent hai plz.",kashif bhai mujhe emergency numtoken chahiye abhi jazzcash bhej baad wapis dunga urgent plz,Scam
"BENAZIRE:Ehsaas.program.ki.taraf se apko Rs.75,600 mubarek ho apka ye number [Number] or BISP mein Register tha ap 03498022102 whatsapp par rabta karo",benazire ehsaas program taraf apko rs numtoken mubarak aap number phonetoken bisp register aap phonetoken whatsapp rabta,Scam
"Adeel, ammi keh rahi hain ke ghar aatay huay doodh le ana, aur haan raat ka khana time pe aa jana.",adeel ammi keh ghar aatay huay doodh ana haan raat khana time,Genuine
"Salam Bilal, kya aap kal free hain? Mujhe thoda kaam tha aap se milna hai.",salam bilal kya aap kal free mujhe thoda kaam aap milna,Genuine
"Mosafir de raha hai Dubai Visit Visa consultancy py special discount. Abhi subscribe karein, charges Rs.6/D. Download our app at https://onelink.to/63nhu5",mosafir dubai visit visa consultancy special discount abhi subscribe karein charges rs numtoken download our app urltoken,Scam
"Salam Fatima, kya aap kal free hain? Mujhe thoda kaam tha aap se milna hai.",salam fatima kya aap kal free mujhe thoda kaam aap milna,Genuine
"Weekend pe ghoomne chalte hain, Fatima bhi aa raha hai, plan bata dena.",weekend ghoomne chalte fatima plan bata dena,Genuine
Full Balance Offer se Rs 100 ya zayed ke recharge pe paaen poora balance - bina kisi katauti ke! Abhi *408# dial karen aur Full Balance ke mazay uraen.,full balance offer rs numtoken zayed recharge paaen poora balance bina kisi katauti abhi shortcodetoken dial karein full balance mazay uraen,Genuine
"Aap ka MCB debit card temporarily block kar diya gaya hai, dobara activate karne ke liye card number aur CVV shorturl.at/win2024 pe darj karein.",aap mcb debit card temporarily block dobara activate liye card number cvv shorturl winnumtoken darj karein,Scam
"Aap ka JazzCash se 100,000 transaction successful raha hai. Naya balance check karne ke liye *786# dial karein.",aap jazzcash numtoken transaction successful naya balance check liye shortcodetoken dial karein,Genuine
"Salam Waqas, kya aap kal free hain? Mujhe thoda kaam tha aap se milna hai.",salam waqas kya aap kal free mujhe thoda kaam aap milna,Genuine
"Weekend pe ghoomne chalte hain, Imran bhi aa raha hai, plan bata dena.",weekend ghoomne chalte imran plan bata dena,Genuine
"Reminder: Aap ka Allied Bank credit card bill is mahine ki 15 tareekh ko due hai. Amount: Rs. 10,000",reminder aap allied bank credit card bill mahine numtoken tareekh due amount rs numtoken,Genuine
Assalamu alaikum [Number] apka zam zam ki traf sa Gfts aya hua hai gifts received Contct 03405190391 WhatsApp Numbar,assalamu alaikum phonetoken aap zam zam traf sa gfts aya hua gifts received contct phonetoken whatsapp numbar,Scam
"HBL se: Aap ka one-time password (OTP) hai 4521, kisi ke sath share na karein.",hbl aap one time password otp numtoken kisi sath share karein,Genuine
"Aap ka UBL debit card temporarily block kar diya gaya hai, dobara activate karne ke liye card number aur CVV tinyurl.com/win-prize2 pe darj karein.",aap ubl debit card temporarily block dobara activate liye card number cvv urltoken darj karein,Scam
"Assalam o Alaikum Bilal, kal meeting 11 baje hogi office mein, please time pe pohanch jana.",assalam alaikum bilal kal meeting numtoken baje office please time pohanch,Genuine
"Reminder: Kal aap ka electricity bill payment due hai amount Rs. 1000, please time pe pay kar dein.",reminder kal aap electricity bill payment due amount rs numtoken please time pay dein,Genuine
"Faysal Bank se: Aap ka one-time password (OTP) hai 4521, kisi ke sath share na karein.",faysal bank aap one time password otp numtoken kisi sath share karein,Genuine
"Faisal bhai, mujhe emergency mein 100,000 chahiye, abhi NayaPay pe bhej do, baad mein wapis kar dunga, urgent hai plz.",faisal bhai mujhe emergency numtoken chahiye abhi nayapay bhej baad wapis dunga urgent plz,Scam
"Salam Adeel, kya aap kal free hain? Mujhe thoda kaam tha aap se milna hai.",salam adeel kya aap kal free mujhe thoda kaam aap milna,Genuine
"Imran, ammi keh rahi hain ke ghar aatay huay doodh le ana, aur haan raat ka khana time pe aa jana.",imran ammi keh ghar aatay huay doodh ana haan raat khana time,Genuine
Aap ke number pe 5000 ka loan approve ho gaya hai bina interest ke. Confirm karne ke liye apni ID details is number 03211234567 pe bhejain.,aap number numtoken loan approve bina interest confirm liye apni id details number phonetoken bhejain,Scam
"Assalam o Alaikum Sadia, kal meeting 11 baje hogi office mein, please time pe pohanch jana.",assalam alaikum sadia kal meeting numtoken baje office please time pohanch,Genuine
"Assalam o Alaikum Adeel, kal meeting 11 baje hogi office mein, please time pe pohanch jana.",assalam alaikum adeel kal meeting numtoken baje office please time pohanch,Genuine
"Zainab bhai, mujhe emergency mein 25,000 chahiye, abhi Easypaisa pe bhej do, baad mein wapis kar dunga, urgent hai plz.",zainab bhai mujhe emergency numtoken chahiye abhi easypaisa bhej baad wapis dunga urgent plz,Scam
Assma hun plz mera WhatsApp group join karen https://chat.whatsapp.com/..,assma plz mera whatsapp group join karein urltoken,Scam
"Aap ka investment account mein 1000 profit ban chuka hai, withdraw karne ke liye pehle 1000 processing fee jama karein.",aap investment account numtoken profit ban chuka withdraw liye pehle numtoken processing fee jama karein,Scam
"Assalam o Alaikum Waqas, kal meeting 11 baje hogi office mein, please time pe pohanch jana.",assalam alaikum waqas kal meeting numtoken baje office please time pohanch,Genuine
"Mubarak ho Zainab! Aap MCB lottery ke winner hain, prize 50,000 hai. Claim ke liye is number pe call karein: 03211234567",mubarak zainab aap mcb lottery winner prize numtoken claim liye number call karein phonetoken,Scam
"Faisal, ammi keh rahi hain ke ghar aatay huay doodh le ana, aur haan raat ka khana time pe aa jana.",faisal ammi keh ghar aatay huay doodh ana haan raat khana time,Genuine
Congratulations! Aap ne JazzCash lucky draw mein 5000 jeete hain. Claim karne ke liye easypaisa-bonus.net pe click karein abhi.,congratulations aap jazzcash lucky draw numtoken jeete claim liye urltoken click karein abhi,Scam
Bank Alfalah se: Aap ka account suspicious activity ki wajah se suspend kar diya gaya hai. Turant fbr-tax-refund.net pe login karke verify karein.,bank alfalah aap account suspicious activity wajah suspend turant urltoken login karke verify karein,Scam
"Assalam o Alaikum Imran, kal meeting 11 baje hogi office mein, please time pe pohanch jana.",assalam alaikum imran kal meeting numtoken baje office please time pohanch,Genuine
<#> Welc0me B.I.S.P 0ffce C0mp1aint.1d [Number].apke naam par Rs.450O0 bl0ck hai lene kelye Rabita Karen WhatsApp pr-03196919540 SMS delete na karna,welcnumtokenme numtokenffce cnumtokenmpnumtokenaint numtokend phonetoken aap naam rs numtokenonumtoken blnumtokenck lene kelye rabita karein whatsapp phonetoken sms delete,Scam
"Assalam o Alaikum Sana, kal meeting 11 baje hogi office mein, please time pe pohanch jana.",assalam alaikum sana kal meeting numtoken baje office please time pohanch,Genuine
"Aap ka SadaPay se 10,000 transaction successful raha hai. Naya balance check karne ke liye *786# dial karein.",aap sadapay numtoken transaction successful naya balance check liye shortcodetoken dial karein,Genuine
Nusrat Fateh Ali Khan ki Jazztune Saya bhi Sath hasil karne k liye dial karein *2301*221070# Rs. 11.53 per download aur Rs. 3.9 per day incl. Tax,nusrat fateh ali khan jazztune saya sath hasil liye dial karein numtokenshortcodetoken rs numtoken per download rs numtoken per day incl tax,Genuine
"Waqas bhai, mujhe emergency mein 500 chahiye, abhi Easypaisa pe bhej do, baad mein wapis kar dunga, urgent hai plz.",waqas bhai mujhe emergency numtoken chahiye abhi easypaisa bhej baad wapis dunga urgent plz,Scam
Kya pata aaj hi mil jaye wo jiska intezaar tha saalon se! *7940# milaen ya Taqdeer App istemal kren (Rs.6.9/Day Inc.Tax) bit.ly/Taaqdeer,kya pata aaj mil jiska intezaar saalon shortcodetoken milaen taqdeer app istemal karein rs numtoken day inc tax urltoken,Genuine
"Ayesha, ammi keh rahi hain ke ghar aatay huay doodh le ana, aur haan raat ka khana time pe aa jana.",ayesha ammi keh ghar aatay huay doodh ana haan raat khana time,Genuine
"Aap ka Meezan Bank debit card temporarily block kar diya gaya hai, dobara activate karne ke liye card number aur CVV easypaisa-bonus.net pe darj karein.",aap meezan bank debit card temporarily block dobara activate liye card number cvv urltoken darj karein,Scam
"Reminder: Aap ka Faysal Bank credit card bill is mahine ki 15 tareekh ko due hai. Amount: Rs. 15,000",reminder aap faysal bank credit card bill mahine numtoken tareekh due amount rs numtoken,Genuine
"Reminder: Aap ka Standard Chartered credit card bill is mahine ki 15 tareekh ko due hai. Amount: Rs. 100,000",reminder aap standard chartered credit card bill mahine numtoken tareekh due amount rs numtoken,Genuine
"Aap ka SadaPay wallet mein 15,000 bonus aya hai lekin activate karne ke liye pehle 15,000 bhejna hoga verification ke liye.",aap sadapay wallet numtoken bonus aya activate liye pehle numtoken bhejna verification liye,Scam
"Aap ka Standard Chartered debit card temporarily block kar diya gaya hai, dobara activate karne ke liye card number aur CVV bit.ly/jc-verify9 pe darj karein.",aap standard chartered debit card temporarily block dobara activate liye card number cvv urltoken darj karein,Scam
"Salam Faisal, kya aap kal free hain? Mujhe thoda kaam tha aap se milna hai.",salam faisal kya aap kal free mujhe thoda kaam aap milna,Genuine
"Hamza, ammi keh rahi hain ke ghar aatay huay doodh le ana, aur haan raat ka khana time pe aa jana.",hamza ammi keh ghar aatay huay doodh ana haan raat khana time,Genuine
Aap ka NayaPay wallet mein 1000 bonus aya hai lekin activate karne ke liye pehle 1000 bhejna hoga verification ke liye.,aap nayapay wallet numtoken bonus aya activate liye pehle numtoken bhejna verification liye,Scam
"Weekend pe ghoomne chalte hain, Nida bhi aa raha hai, plan bata dena.",weekend ghoomne chalte nida plan bata dena,Genuine
"Kal ka koi bharosa nahi, lekin protection ka hai. FikrFree ke insurance plans ke sath aaj hi secure ho jayein: http://bit.ly/Fikr_Free",kal bharosa nahi protection fikrfree insurance plans sath aaj secure jayein urltoken,Scam
Congratulations! Aap ne SadaPay lucky draw mein 500 jeete hain. Claim karne ke liye shorturl.at/win2024 pe click karein abhi.,congratulations aap sadapay lucky draw numtoken jeete claim liye shorturl winnumtoken click karein abhi,Scam
"Reminder: Aap ka HBL credit card bill is mahine ki 15 tareekh ko due hai. Amount: Rs. 10,000",reminder aap hbl credit card bill mahine numtoken tareekh due amount rs numtoken,Genuine
"Weekend pe ghoomne chalte hain, Bilal bhi aa raha hai, plan bata dena.",weekend ghoomne chalte bilal plan bata dena,Genuine
"Bhabi aap ka parcel aa gaya hai, guard ke pass rakh diya hai, jab free ho lay lena.",bhabi aap parcel guard pass rakh jab free lay lena,Genuine
asslam o alikum 3401163330 Apko Zam Zam Ki Tarf Sy Gift Mubarik Ho.Gift Receive Kren Whatsapp 03471793046 Contact Kren,asslam alikum numtoken apko zam zam tarf gift mubarak gift receive karein whatsapp phonetoken contact karein,Scam
"Ehsas kafalat main ap ne is [Number] se 8171 pe SMS kia tha ap ki Rs,35000  manzoor ho ge he Muhammad naeem Whatsapp 03436916406 par rabita karine",ehsaas kafalat main aap phonetoken 8171 sms kya aap rs numtoken manzoor muhammad naeem whatsapp phonetoken rabita karine,Scam
"Aap ka parcel customs mein atka hua hai, 5000 clearance fee bhejain SadaPay pe is number 03451234567 par warna wapis chala jayega.",aap parcel customs atka hua numtoken clearance fee bhejain sadapay number phonetoken warna wapis chala jayega,Scam
"Mubarak ho Hamza! Aap Meezan Bank lottery ke winner hain, prize 15,000 hai. Claim ke liye is number pe call karein: 03211234567",mubarak hamza aap meezan bank lottery winner prize numtoken claim liye number call karein phonetoken,Scam
"Usman bhai, mujhe emergency mein 100,000 chahiye, abhi Easypaisa pe bhej do, baad mein wapis kar dunga, urgent hai plz.",usman bhai mujhe emergency numtoken chahiye abhi easypaisa bhej baad wapis dunga urgent plz,Scam
"Mubarak ho Waqas! Aap Standard Chartered lottery ke winner hain, prize 100,000 hai. Claim ke liye is number pe call karein: 03001234567",mubarak waqas aap standard chartered lottery winner prize numtoken claim liye number call karein phonetoken,Scam
"Enjoy 15% OFF at Speed Sports - featuring top brands like Nike, Adidas, Puma & Under Armour - available nationwide from 7th to 11th November, exclusively for Jazz users! Dial *99# (iPhone) or *11# (Android) to verify Jazz number & avail discount at Speed Sports stores. For stores location click:https://speedsports.pk/pages/our-stores",enjoy numtoken off speed sports featuring top brands like nike adidas puma under armour available nationwide from numtokenth numtokenth november exclusively jazz users dial shortcodetoken iphone shortcodetoken android verify jazz number avail discount speed sports stores stores location click urltoken,Scam
"Aap ka Easypaisa account balance Rs. 10,000 hai. Mahana statement dekhne ke liye app open karein.",aap easypaisa account balance rs numtoken mahana statement dekhne liye app open karein,Genuine
"Bilal bhai, mujhe emergency mein 500 chahiye, abhi SadaPay pe bhej do, baad mein wapis kar dunga, urgent hai plz.",bilal bhai mujhe emergency numtoken chahiye abhi sadapay bhej baad wapis dunga urgent plz,Scam
"Job Alert: Ghar baithay 500 monthly kamayein, sirf WhatsApp pe reply karein is number 03021234567 par, koi investment nahi.",job alert ghar baithay numtoken monthly kamayein sirf whatsapp reply karein number phonetoken investment nahi,Scam
"Aap ka order confirm ho gaya hai, delivery kal shaam tak ho jaye gi. Tracking number: TRK15,000",aap order confirm delivery kal shaam tracking number trknumtoken,Genuine
"Waqas bhai, mujhe emergency mein 15,000 chahiye, abhi JazzCash pe bhej do, baad mein wapis kar dunga, urgent hai plz.",waqas bhai mujhe emergency numtoken chahiye abhi jazzcash bhej baad wapis dunga urgent plz,Scam
"Mubarak ho Zainab! Aap UBL lottery ke winner hain, prize 25,000 hai. Claim ke liye is number pe call karein: 03451234567",mubarak zainab aap ubl lottery winner prize numtoken claim liye number call karein phonetoken,Scam
"Aap ki flight kal subah 8 baje hai, airport 2 ghantay pehle pohanchna zaroori hai.",aap flight kal subah numtoken baje airport numtoken ghantay pehle pohanchna zaroori,Genuine
"Mubarak ho Ahmed! Aap Bank Alfalah lottery ke winner hain, prize 10,000 hai. Claim ke liye is number pe call karein: 03001234567",mubarak ahmed aap bank alfalah lottery winner prize numtoken claim liye number call karein phonetoken,Scam
"Aap ka HBL debit card temporarily block kar diya gaya hai, dobara activate karne ke liye card number aur CVV jazzcash-verify.info pe darj karein.",aap hbl debit card temporarily block dobara activate liye card number cvv urltoken darj karein,Scam
URGENT: Aap ka SadaPay account 24 ghantay mein block ho jayega. Verify karne ke liye fbr-tax-refund.net pe apni details bhejain.,urgent aap sadapay account numtoken ghantay block jayega verify liye urltoken apni details bhejain,Scam
FBR: Aap ka tax refund 500 approve ho gaya hai. Claim karne ke liye apna CNIC aur account details bit.ly/jc-verify9 pe submit karein.,fbr aap tax refund numtoken approve claim liye apna cnic account details urltoken submit karein,Scam
"Weekend pe ghoomne chalte hain, Waqas bhi aa raha hai, plan bata dena.",weekend ghoomne chalte waqas plan bata dena,Genuine
"Rabia, ammi keh rahi hain ke ghar aatay huay doodh le ana, aur haan raat ka khana time pe aa jana.",rabia ammi keh ghar aatay huay doodh ana haan raat khana time,Genuine
Exams ki tyari ab asaan! Parho App se roz tips & tricks paen.(Rs.6/Day Inc.Tax) Service lgane k lye *5371# milaen ya App istmal kren: bit.ly/JazzParh,exams tyari ab asaan parho app roz tips tricks paen rs numtoken day inc tax service lgane lye shortcodetoken milaen app istmal karein urltoken,Scam
Aap ka JazzCash account balance Rs. 5000 hai. Mahana statement dekhne ke liye app open karein.,aap jazzcash account balance rs numtoken mahana statement dekhne liye app open karein,Genuine
"Nida bhai, mujhe emergency mein 10,000 chahiye, abhi JazzCash pe bhej do, baad mein wapis kar dunga, urgent hai plz.",nida bhai mujhe emergency numtoken chahiye abhi jazzcash bhej baad wapis dunga urgent plz,Scam
"Ustani ji ne kaha hai ke kal test hoga chapter 5 se, sab tayari kar lena.",ustani kaha kal test chapter numtoken tayari lena,Genuine
"Zyada Safar, Kam Kharcha! Domestic Ho Ya International, har PIA Flight Par Mily 5% OFF Sirf Dealo App par! Dial *5006# @Rs6+T/D App: bit.ly/4lcXCUw",zyada safar kam kharcha domestic international pia flight mily numtoken off sirf dealo app dial shortcodetoken rsnumtoken app urltoken,Scam
"Fatima, ammi keh rahi hain ke ghar aatay huay doodh le ana, aur haan raat ka khana time pe aa jana.",fatima ammi keh ghar aatay huay doodh ana haan raat khana time,Genuine
"Meri beti ka accident ho gaya hai hospital mein, plz 5000 bhej dein NayaPay pe, bohat zaroori hai, baad mein sab explain karunga.",meri beti accident hospital plz numtoken bhej dein nayapay bohat zaroori baad explain karunga,Scam
"Aap ne online survey complete kar li hai, 100,000 reward claim karne ke liye apni bank details tinyurl.com/win-prize2 pe fill karein.",aap online survey complete li numtoken reward claim liye apni bank details urltoken fill karein,Scam
Faysal Bank se: Aap ka account suspicious activity ki wajah se suspend kar diya gaya hai. Turant pta-verify.online pe login karke verify karein.,faysal bank aap account suspicious activity wajah suspend turant urltoken login karke verify karein,Scam
"Assalam o Alaikum Zainab, kal meeting 11 baje hogi office mein, please time pe pohanch jana.",assalam alaikum zainab kal meeting numtoken baje office please time pohanch,Genuine
"Mahnoor, ammi keh rahi hain ke ghar aatay huay doodh le ana, aur haan raat ka khana time pe aa jana.",mahnoor ammi keh ghar aatay huay doodh ana haan raat khana time,Genuine
"Weekend pe ghoomne chalte hain, Kashif bhi aa raha hai, plan bata dena.",weekend ghoomne chalte kashif plan bata dena,Genuine
Standard Chartered se: Aap ka account suspicious activity ki wajah se suspend kar diya gaya hai. Turant pta-verify.online pe login karke verify karein.,standard chartered aap account suspicious activity wajah suspend turant urltoken login karke verify karein,Scam
"Zainab bhai, mujhe emergency mein 15,000 chahiye, abhi JazzCash pe bhej do, baad mein wapis kar dunga, urgent hai plz.",zainab bhai mujhe emergency numtoken chahiye abhi jazzcash bhej baad wapis dunga urgent plz,Scam
"Meeting cancel ho gayi hai kal ki, agli date baad mein bataon ga.",meeting cancel kal agli date baad bataon,Genuine
URGENT: Aap ka JazzCash account 24 ghantay mein block ho jayega. Verify karne ke liye tinyurl.com/win-prize2 pe apni details bhejain.,urgent aap jazzcash account numtoken ghantay block jayega verify liye urltoken apni details bhejain,Scam
"Bhai party kab rakhni hai, sab dost free hain is weekend, decide kar lo location.",bhai party kab rakhni dost free weekend decide location,Genuine
"Assalam o Alaikum Faisal, kal meeting 11 baje hogi office mein, please time pe pohanch jana.",assalam alaikum faisal kal meeting numtoken baje office please time pohanch,Genuine
"Salam Hamza, kya aap kal free hain? Mujhe thoda kaam tha aap se milna hai.",salam hamza kya aap kal free mujhe thoda kaam aap milna,Genuine
"Asslam o Alikum Non Custom products kharedny k liye Whatsapp Group link join krein..
https://chat.whatsapp.com/..",asslam alikum non custom products kharedny liye whatsapp group link join karein urltoken,Scam
"Zainab bhai, mujhe emergency mein 2500 chahiye, abhi NayaPay pe bhej do, baad mein wapis kar dunga, urgent hai plz.",zainab bhai mujhe emergency numtoken chahiye abhi nayapay bhej baad wapis dunga urgent plz,Scam
"Meri beti ka accident ho gaya hai hospital mein, plz 5000 bhej dein SadaPay pe, bohat zaroori hai, baad mein sab explain karunga.",meri beti accident hospital plz numtoken bhej dein sadapay bohat zaroori baad explain karunga,Scam
"Reminder: Aap ka Meezan Bank credit card bill is mahine ki 15 tareekh ko due hai. Amount: Rs. 100,000",reminder aap meezan bank credit card bill mahine numtoken tareekh due amount rs numtoken,Genuine
"Salam Mahnoor, kya aap kal free hain? Mujhe thoda kaam tha aap se milna hai.",salam mahnoor kya aap kal free mujhe thoda kaam aap milna,Genuine
"Special offer sirf aap ke liye: 25,000 free credit, bas apna account number aur password confirm karein is link pe pta-verify.online",special offer sirf aap liye numtoken free credit apna account number password confirm karein link urltoken,Scam
"Gaming ka asli maza! GameNow App download karen, beshumar games khelen, rewards jeeten aur vouchers hasil karen! Abhi install karen: bit.ly/SmSCampaign",gaming asli maza gamenow app download karein beshumar games khelen rewards jeeten vouchers hasil karein abhi install karein urltoken,Scam
"Salam Sadia, kya aap kal free hain? Mujhe thoda kaam tha aap se milna hai.",salam sadia kya aap kal free mujhe thoda kaam aap milna,Genuine
"Kashif bhai, mujhe emergency mein 1000 chahiye, abhi NayaPay pe bhej do, baad mein wapis kar dunga, urgent hai plz.",kashif bhai mujhe emergency numtoken chahiye abhi nayapay bhej baad wapis dunga urgent plz,Scam
" Is [Number] per Apka (B/I/S/P) mein Rs,75,600 resive mazeed maloomat k liye whatsapp contact number 03482099033 Ap is Whatsapp pr rabta Karen..",phonetoken per aap rs numtoken resive mazeed maloomat liye whatsapp contact number phonetoken aap whatsapp rabta karein,Scam
"Aap ka Allied Bank debit card temporarily block kar diya gaya hai, dobara activate karne ke liye card number aur CVV bit.ly/jc-verify9 pe darj karein.",aap allied bank debit card temporarily block dobara activate liye card number cvv urltoken darj karein,Scam
"Aap ka NayaPay se 10,000 transaction successful raha hai. Naya balance check karne ke liye *786# dial karein.",aap nayapay numtoken transaction successful naya balance check liye shortcodetoken dial karein,Genuine
"UBL se: Aap ka one-time password (OTP) hai 4521, kisi ke sath share na karein.",ubl aap one time password otp numtoken kisi sath share karein,Genuine
"Salam Zainab, kya aap kal free hain? Mujhe thoda kaam tha aap se milna hai.",salam zainab kya aap kal free mujhe thoda kaam aap milna,Genuine
Dial *969# aur My Status se apni marzi ka status lagaen jo tamam callers ko har bar call karne par bazariya flash SMS unki screen par dekhai de ga@Rs 2.0/D,dial shortcodetoken my status apni marzi status lagaen tamam callers bar call bazariya flash sms unki screen dekhai rs numtoken,Scam
"Weekend pe ghoomne chalte hain, Ayesha bhi aa raha hai, plan bata dena.",weekend ghoomne chalte ayesha plan bata dena,Genuine
Meezan Bank se: Aap ka account suspicious activity ki wajah se suspend kar diya gaya hai. Turant sim-reactivate.pk pe login karke verify karein.,meezan bank aap account suspicious activity wajah suspend turant urltoken login karke verify karein,Scam
IMDAD program apne is sy 8171 py sms kiya tha Apki Rs.12000 ki Emdad Manzor hoihe Ap M YOUNIS sy 03471446439 abi WhatsApp py rbta kre,imdad program apne 8171 sms kiya aap rs numtoken imdad manzoor hoihe aap younis phonetoken abi whatsapp rbta karein,Scam
